<?xml version="1.0" encoding="UTF-8"?>
<config date="1664177583190" transient="false">
	<site updateable="true" url="file:../../../.p2\pool\" enabled="true" policy="MANAGED-ONLY">
		<feature id="org.eclipse.datatools.modelbase.feature" version="1.14.102.201911250848" url="features/org.eclipse.datatools.modelbase.feature_1.14.102.201911250848/" plugin-identifier="org.eclipse.datatools.modelbase.sql">
		</feature>
		<feature id="org.eclipse.m2e.feature" version="2.0.4.20220904-1703" url="features/org.eclipse.m2e.feature_2.0.4.20220904-1703/" plugin-identifier="org.eclipse.m2e.core">
		</feature>
		<feature id="org.eclipse.jst.enterprise_ui.feature" version="3.27.0.v202206160204" url="features/org.eclipse.jst.enterprise_ui.feature_3.27.0.v202206160204/" plugin-identifier="org.eclipse.jst.jee.ui">
		</feature>
		<feature id="org.eclipse.wildwebdeveloper.xml.feature" version="0.15.0.202207081036" url="features/org.eclipse.wildwebdeveloper.xml.feature_0.15.0.202207081036/">
		</feature>
		<feature id="org.eclipse.jst.web_core.feature" version="3.27.0.v202206160204" url="features/org.eclipse.jst.web_core.feature_3.27.0.v202206160204/">
		</feature>
		<feature id="org.eclipse.jst.jsf.apache.trinidad.tagsupport.feature" version="2.6.1.v201902121810" url="features/org.eclipse.jst.jsf.apache.trinidad.tagsupport.feature_2.6.1.v201902121810/">
		</feature>
		<feature id="org.eclipse.jst.server_userdoc.feature" version="3.3.300.v201901310132" url="features/org.eclipse.jst.server_userdoc.feature_3.3.300.v201901310132/">
		</feature>
		<feature id="org.eclipse.wst.ws_userdoc.feature" version="3.1.501.v201909051708" url="features/org.eclipse.wst.ws_userdoc.feature_3.1.501.v201909051708/">
		</feature>
		<feature id="org.eclipse.emf.codegen.ui" version="2.24.0.v20210924-1718" url="features/org.eclipse.emf.codegen.ui_2.24.0.v20210924-1718/">
		</feature>
		<feature id="org.eclipse.jst.server_core.feature" version="3.4.600.v202206110154" url="features/org.eclipse.jst.server_core.feature_3.4.600.v202206110154/">
		</feature>
		<feature id="org.eclipse.wst.common_ui.feature" version="3.23.0.v202207121617" url="features/org.eclipse.wst.common_ui.feature_3.23.0.v202207121617/">
		</feature>
		<feature id="org.eclipse.emf.mapping.ui" version="2.14.0.v20210924-1718" url="features/org.eclipse.emf.mapping.ui_2.14.0.v20210924-1718/">
		</feature>
		<feature id="org.eclipse.tips.feature" version="0.2.1800.v20220811-0542" url="features/org.eclipse.tips.feature_0.2.1800.v20220811-0542/">
		</feature>
		<feature id="org.eclipse.m2e.pde.feature" version="2.0.1.20220822-2010" url="features/org.eclipse.m2e.pde.feature_2.0.1.20220822-2010/" plugin-identifier="org.eclipse.m2e.core">
		</feature>
		<feature id="org.eclipse.oomph.setup.core" version="1.25.0.v20220903-1123" url="features/org.eclipse.oomph.setup.core_1.25.0.v20220903-1123/">
		</feature>
		<feature id="org.eclipse.jgit.ssh.apache" version="6.3.0.202209071007-r" url="features/org.eclipse.jgit.ssh.apache_6.3.0.202209071007-r/">
		</feature>
		<feature id="org.eclipse.wildwebdeveloper.feature" version="0.11.0.202206231201" url="features/org.eclipse.wildwebdeveloper.feature_0.11.0.202206231201/">
		</feature>
		<feature id="org.eclipse.ecf.filetransfer.feature" version="3.14.1800.v20220215-0126" url="features/org.eclipse.ecf.filetransfer.feature_3.14.1800.v20220215-0126/">
		</feature>
		<feature id="org.eclipse.jst.common.fproj.enablement.jdt" version="3.27.0.v202208260526" url="features/org.eclipse.jst.common.fproj.enablement.jdt_3.27.0.v202208260526/" plugin-identifier="org.eclipse.jst.common.project.facet.core">
		</feature>
		<feature id="org.eclipse.emf.mapping" version="2.14.0.v20210924-1718" url="features/org.eclipse.emf.mapping_2.14.0.v20210924-1718/">
		</feature>
		<feature id="org.eclipse.emf.converter" version="2.18.0.v20220706-1313" url="features/org.eclipse.emf.converter_2.18.0.v20220706-1313/">
		</feature>
		<feature id="org.eclipse.datatools.enablement.postgresql.feature" version="1.14.102.201911250848" url="features/org.eclipse.datatools.enablement.postgresql.feature_1.14.102.201911250848/" plugin-identifier="org.eclipse.datatools.enablement.finfo">
		</feature>
		<feature id="org.eclipse.emf.edit" version="2.18.0.v20220201-1551" url="features/org.eclipse.emf.edit_2.18.0.v20220201-1551/">
		</feature>
		<feature id="org.eclipse.jst.ws.jaxws_userdoc.feature" version="1.0.403.v201909051708" url="features/org.eclipse.jst.ws.jaxws_userdoc.feature_1.0.403.v201909051708/">
		</feature>
		<feature id="org.eclipse.jpt.common.eclipselink.feature" version="1.3.200.v202208190239" url="features/org.eclipse.jpt.common.eclipselink.feature_1.3.200.v202208190239/" plugin-identifier="org.eclipse.jpt.common.eclipselink.branding">
		</feature>
		<feature id="org.eclipse.emf.ecore" version="2.29.0.v20220817-1401" url="features/org.eclipse.emf.ecore_2.29.0.v20220817-1401/">
		</feature>
		<feature id="org.eclipse.jpt.jaxb.feature" version="1.5.201.v202104080213" url="features/org.eclipse.jpt.jaxb.feature_1.5.201.v202104080213/" plugin-identifier="org.eclipse.jpt.jaxb.branding">
		</feature>
		<feature id="org.eclipse.datatools.sqldevtools.data.feature" version="1.14.201.202107090755" url="features/org.eclipse.datatools.sqldevtools.data.feature_1.14.201.202107090755/">
		</feature>
		<feature id="org.eclipse.platform" version="4.25.0.v20220831-1800" url="features/org.eclipse.platform_4.25.0.v20220831-1800/">
		</feature>
		<feature id="org.eclipse.datatools.enablement.sqlite.feature" version="1.14.102.201911250848" url="features/org.eclipse.datatools.enablement.sqlite.feature_1.14.102.201911250848/" plugin-identifier="org.eclipse.datatools.enablement.finfo">
		</feature>
		<feature id="org.eclipse.e4.rcp" version="4.25.0.v20220829-1402" url="features/org.eclipse.e4.rcp_4.25.0.v20220829-1402/">
		</feature>
		<feature id="org.eclipse.emf.edit.ui" version="2.24.0.v20220619-0533" url="features/org.eclipse.emf.edit.ui_2.24.0.v20220619-0533/">
		</feature>
		<feature id="org.eclipse.jst.webpageeditor.feature" version="2.9.1.v202111210733" url="features/org.eclipse.jst.webpageeditor.feature_2.9.1.v202111210733/">
		</feature>
		<feature id="org.eclipse.datatools.enablement.apache.derby.feature" version="1.14.102.201911250848" url="features/org.eclipse.datatools.enablement.apache.derby.feature_1.14.102.201911250848/" plugin-identifier="org.eclipse.datatools.enablement.sybase">
		</feature>
		<feature id="org.eclipse.emf.mapping.ecore.editor" version="2.15.0.v20210924-1718" url="features/org.eclipse.emf.mapping.ecore.editor_2.15.0.v20210924-1718/">
		</feature>
		<feature id="org.eclipse.gef" version="3.14.0.202206170857" url="features/org.eclipse.gef_3.14.0.202206170857/">
		</feature>
		<feature id="org.eclipse.jst.ws.jaxws.dom.feature" version="1.0.500.v202206270222" url="features/org.eclipse.jst.ws.jaxws.dom.feature_1.0.500.v202206270222/">
		</feature>
		<feature id="org.eclipse.m2e.wtp.jpa.feature" version="1.5.0.20220805-2025" url="features/org.eclipse.m2e.wtp.jpa.feature_1.5.0.20220805-2025/" plugin-identifier="org.eclipse.m2e.wtp.jpa">
		</feature>
		<feature id="org.eclipse.datatools.connectivity.oda.designer.core.feature" version="1.14.102.201911250848" url="features/org.eclipse.datatools.connectivity.oda.designer.core.feature_1.14.102.201911250848/" plugin-identifier="org.eclipse.datatools.connectivity.oda.design.ui">
		</feature>
		<feature id="org.eclipse.datatools.sqldevtools.ddl.feature" version="1.14.102.201911250848" url="features/org.eclipse.datatools.sqldevtools.ddl.feature_1.14.102.201911250848/">
		</feature>
		<feature id="org.eclipse.datatools.doc.user" version="1.14.102.201911250848" url="features/org.eclipse.datatools.doc.user_1.14.102.201911250848/">
		</feature>
		<feature id="org.eclipse.mylyn.wikitext.editors_feature" version="3.0.42.202201072301" url="features/org.eclipse.mylyn.wikitext.editors_feature_3.0.42.202201072301/" plugin-identifier="org.eclipse.mylyn.wikitext">
		</feature>
		<feature id="org.eclipse.emf.mapping.ecore" version="2.13.0.v20210924-1718" url="features/org.eclipse.emf.mapping.ecore_2.13.0.v20210924-1718/">
		</feature>
		<feature id="org.eclipse.datatools.sqltools.doc.user" version="1.14.102.201911250848" url="features/org.eclipse.datatools.sqltools.doc.user_1.14.102.201911250848/">
		</feature>
		<feature id="org.eclipse.wildwebdeveloper.embedder.node.feature" version="0.3.0.202206231201" url="features/org.eclipse.wildwebdeveloper.embedder.node.feature_0.3.0.202206231201/">
		</feature>
		<feature id="org.eclipse.emf.codegen.ecore" version="2.31.0.v20220730-0849" url="features/org.eclipse.emf.codegen.ecore_2.31.0.v20220730-0849/">
		</feature>
		<feature id="org.eclipse.jsf.feature" version="3.10.200.v202204070252" url="features/org.eclipse.jsf.feature_3.10.200.v202204070252/">
		</feature>
		<feature id="org.eclipse.jst.server_ui.feature" version="3.4.500.v202103180201" url="features/org.eclipse.jst.server_ui.feature_3.4.500.v202103180201/">
		</feature>
		<feature id="org.eclipse.datatools.enablement.hsqldb.feature" version="1.14.102.201911250848" url="features/org.eclipse.datatools.enablement.hsqldb.feature_1.14.102.201911250848/" plugin-identifier="org.eclipse.datatools.enablement.finfo">
		</feature>
		<feature id="org.eclipse.wst.common_core.feature" version="3.23.0.v202108200212" url="features/org.eclipse.wst.common_core.feature_3.23.0.v202108200212/">
		</feature>
		<feature id="org.eclipse.emf" version="2.31.0.v20220817-1401" url="features/org.eclipse.emf_2.31.0.v20220817-1401/">
		</feature>
		<feature id="org.eclipse.jgit" version="6.3.0.202209071007-r" url="features/org.eclipse.jgit_6.3.0.202209071007-r/">
		</feature>
		<feature id="org.eclipse.pde" version="3.14.1300.v20220831-1800" url="features/org.eclipse.pde_3.14.1300.v20220831-1800/">
		</feature>
		<feature id="org.eclipse.equinox.p2.rcp.feature" version="1.4.1700.v20220819-1949" url="features/org.eclipse.equinox.p2.rcp.feature_1.4.1700.v20220819-1949/">
		</feature>
		<feature id="org.eclipse.datatools.enablement.jdbc.feature" version="1.14.102.201911250848" url="features/org.eclipse.datatools.enablement.jdbc.feature_1.14.102.201911250848/" plugin-identifier="org.eclipse.datatools.enablement.sybase">
		</feature>
		<feature id="org.python.pydev.feature" version="9.3.0.202203051235" url="features/org.python.pydev.feature_9.3.0.202203051235/" plugin-identifier="org.python.pydev">
		</feature>
		<feature id="org.eclipse.datatools.enablement.feature" version="1.14.102.201911250848" url="features/org.eclipse.datatools.enablement.feature_1.14.102.201911250848/" plugin-identifier="org.eclipse.datatools.enablement.finfo">
		</feature>
		<feature id="org.eclipse.datatools.enablement.ibm.feature" version="1.14.103.202103070014" url="features/org.eclipse.datatools.enablement.ibm.feature_1.14.103.202103070014/" plugin-identifier="org.eclipse.datatools.enablement.ibm">
		</feature>
		<feature id="org.eclipse.m2e.wtp.jaxrs.feature" version="1.5.0.20220805-2025" url="features/org.eclipse.m2e.wtp.jaxrs.feature_1.5.0.20220805-2025/" plugin-identifier="org.eclipse.m2e.wtp.jaxrs">
		</feature>
		<feature id="org.eclipse.help" version="2.3.1100.v20220831-1800" url="features/org.eclipse.help_2.3.1100.v20220831-1800/" plugin-identifier="org.eclipse.help.base">
		</feature>
		<feature id="org.eclipse.jgit.http.apache" version="6.3.0.202209071007-r" url="features/org.eclipse.jgit.http.apache_6.3.0.202209071007-r/">
		</feature>
		<feature id="org.eclipse.buildship" version="3.1.6.v20220511-1359" url="features/org.eclipse.buildship_3.1.6.v20220511-1359/" plugin-identifier="org.eclipse.buildship.branding">
		</feature>
		<feature id="org.eclipse.datatools.sdk.feature" version="1.14.102.201911250848" url="features/org.eclipse.datatools.sdk.feature_1.14.102.201911250848/" plugin-identifier="org.eclipse.datatools.sdk">
		</feature>
		<feature id="org.eclipse.ecf.core.ssl.feature" version="1.1.501.v20210409-2301" url="features/org.eclipse.ecf.core.ssl.feature_1.1.501.v20210409-2301/">
		</feature>
		<feature id="org.eclipse.wst.ws_ui.feature" version="3.9.100.v202004082157" url="features/org.eclipse.wst.ws_ui.feature_3.9.100.v202004082157/">
		</feature>
		<feature id="org.eclipse.datatools.enablement.msft.feature" version="1.14.102.201911250848" url="features/org.eclipse.datatools.enablement.msft.feature_1.14.102.201911250848/" plugin-identifier="org.eclipse.datatools.enablement.finfo">
		</feature>
		<feature id="org.eclipse.jst.ws.jaxws.feature" version="1.2.800.v202104210249" url="features/org.eclipse.jst.ws.jaxws.feature_1.2.800.v202104210249/" plugin-identifier="org.eclipse.jst.ws.jaxws.core">
		</feature>
		<feature id="org.eclipse.datatools.enablement.mysql.feature" version="1.14.103.202107071900" url="features/org.eclipse.datatools.enablement.mysql.feature_1.14.103.202107071900/" plugin-identifier="org.eclipse.datatools.enablement.finfo">
		</feature>
		<feature id="org.eclipse.datatools.enablement.jdt.feature" version="1.14.102.201911250848" url="features/org.eclipse.datatools.enablement.jdt.feature_1.14.102.201911250848/" plugin-identifier="org.eclipse.datatools.enablement.jdt.classpath">
		</feature>
		<feature id="org.eclipse.userstorage" version="1.2.0.v20210517-0327" url="features/org.eclipse.userstorage_1.2.0.v20210517-0327/">
		</feature>
		<feature id="org.eclipse.m2e.wtp.feature" version="1.5.2.20220906-1452" url="features/org.eclipse.m2e.wtp.feature_1.5.2.20220906-1452/" plugin-identifier="org.eclipse.m2e.wtp">
		</feature>
		<feature id="org.eclipse.datatools.sqldevtools.parsers.feature" version="1.14.102.201911250848" url="features/org.eclipse.datatools.sqldevtools.parsers.feature_1.14.102.201911250848/" plugin-identifier="org.eclipse.datatools.sqltools.parsers.sql">
		</feature>
		<feature id="org.eclipse.tm.terminal.view.feature" version="10.7.1.202208160035" url="features/org.eclipse.tm.terminal.view.feature_10.7.1.202208160035/" plugin-identifier="org.eclipse.tm.terminal.view.ui">
		</feature>
		<feature id="org.eclipse.wst.xsl.feature" version="1.3.1100.v202204040421" url="features/org.eclipse.wst.xsl.feature_1.3.1100.v202204040421/" plugin-identifier="org.eclipse.wst.xsl">
		</feature>
		<feature id="org.eclipse.rcp" version="4.25.0.v20220831-1800" url="features/org.eclipse.rcp_4.25.0.v20220831-1800/">
		</feature>
		<feature id="org.eclipse.jdt" version="3.18.1300.v20220831-1800" url="features/org.eclipse.jdt_3.18.1300.v20220831-1800/">
		</feature>
		<feature id="org.eclipse.jpt.jpa.feature" version="3.6.1.v202204060305" url="features/org.eclipse.jpt.jpa.feature_3.6.1.v202204060305/" plugin-identifier="org.eclipse.jpt.jpa.branding">
		</feature>
		<feature id="org.eclipse.tm.terminal.connector.telnet.feature" version="10.7.1.202208160035" url="features/org.eclipse.tm.terminal.connector.telnet.feature_10.7.1.202208160035/">
		</feature>
		<feature id="org.eclipse.epp.mpc" version="1.10.0.v20220502-0731" url="features/org.eclipse.epp.mpc_1.10.0.v20220502-0731/" plugin-identifier="org.eclipse.epp.mpc.ui">
		</feature>
		<feature id="org.eclipse.jst.server_adapters.ext.feature" version="3.4.500.v202208260501" url="features/org.eclipse.jst.server_adapters.ext.feature_3.4.500.v202208260501/">
		</feature>
		<feature id="org.eclipse.datatools.intro" version="1.14.102.201911250848" url="features/org.eclipse.datatools.intro_1.14.102.201911250848/">
		</feature>
		<feature id="org.eclipse.equinox.p2.extras.feature" version="1.4.1700.v20220819-1949" url="features/org.eclipse.equinox.p2.extras.feature_1.4.1700.v20220819-1949/">
		</feature>
		<feature id="org.eclipse.wst.xml.xpath2.processor.feature" version="2.0.400.v202207121749" url="features/org.eclipse.wst.xml.xpath2.processor.feature_2.0.400.v202207121749/" plugin-identifier="org.eclipse.wst.xml.xpath2">
		</feature>
		<feature id="org.eclipse.jst.web_ui.feature" version="3.27.0.v202206160204" url="features/org.eclipse.jst.web_ui.feature_3.27.0.v202206160204/">
		</feature>
		<feature id="org.eclipse.oomph.setup" version="1.26.0.v20220905-0631" url="features/org.eclipse.oomph.setup_1.26.0.v20220905-0631/">
		</feature>
		<feature id="org.eclipse.tm.terminal.connector.ssh.feature" version="10.7.1.202208160035" url="features/org.eclipse.tm.terminal.connector.ssh.feature_10.7.1.202208160035/" plugin-identifier="org.eclipse.tm.terminal.connector.ssh">
		</feature>
		<feature id="org.eclipse.datatools.sqldevtools.ddlgen.feature" version="1.14.201.202107090755" url="features/org.eclipse.datatools.sqldevtools.ddlgen.feature_1.14.201.202107090755/" plugin-identifier="org.eclipse.datatools.sqltools.ddlgen.ui">
		</feature>
		<feature id="org.eclipse.wst.ws_core.feature" version="3.26.0.v202205160314" url="features/org.eclipse.wst.ws_core.feature_3.26.0.v202205160314/">
		</feature>
		<feature id="org.eclipse.jst.server_adapters.feature" version="3.2.700.v202204301608" url="features/org.eclipse.jst.server_adapters.feature_3.2.700.v202204301608/">
		</feature>
		<feature id="org.eclipse.datatools.sqldevtools.feature" version="1.14.201.202107090755" url="features/org.eclipse.datatools.sqldevtools.feature_1.14.201.202107090755/" plugin-identifier="org.eclipse.datatools.sqltools.common.ui">
		</feature>
		<feature id="org.eclipse.m2e.wtp.jsf.feature" version="1.5.0.20220805-2025" url="features/org.eclipse.m2e.wtp.jsf.feature_1.5.0.20220805-2025/" plugin-identifier="org.eclipse.m2e.wtp.jsf">
		</feature>
		<feature id="org.eclipse.emf.ecore.editor" version="2.18.0.v20210924-1718" url="features/org.eclipse.emf.ecore.editor_2.18.0.v20210924-1718/">
		</feature>
		<feature id="org.eclipse.jst.web_userdoc.feature" version="3.6.1.v201908261515" url="features/org.eclipse.jst.web_userdoc.feature_3.6.1.v201908261515/">
		</feature>
		<feature id="org.eclipse.mylyn.wikitext_feature" version="3.0.42.202201072301" url="features/org.eclipse.mylyn.wikitext_feature_3.0.42.202201072301/" plugin-identifier="org.eclipse.mylyn.wikitext">
		</feature>
		<feature id="org.eclipse.egit" version="6.3.0.202209071007-r" url="features/org.eclipse.egit_6.3.0.202209071007-r/">
		</feature>
		<feature id="org.eclipse.datatools.enablement.oda.feature" version="1.14.102.201911221603" url="features/org.eclipse.datatools.enablement.oda.feature_1.14.102.201911221603/" plugin-identifier="org.eclipse.datatools.enablement.oda.xml">
		</feature>
		<feature id="org.eclipse.jpt.jpa.eclipselink.feature" version="3.4.101.v201903221940" url="features/org.eclipse.jpt.jpa.eclipselink.feature_3.4.101.v201903221940/" plugin-identifier="org.eclipse.jpt.jpa.eclipselink.branding">
		</feature>
		<feature id="org.eclipse.datatools.enablement.oda.designer.feature" version="1.14.102.201911250848" url="features/org.eclipse.datatools.enablement.oda.designer.feature_1.14.102.201911250848/" plugin-identifier="org.eclipse.datatools.enablement.oda.xml.ui">
		</feature>
		<feature id="org.eclipse.jst.enterprise_core.feature" version="3.27.0.v202206160204" url="features/org.eclipse.jst.enterprise_core.feature_3.27.0.v202206160204/">
		</feature>
		<feature id="org.eclipse.equinox.p2.discovery.feature" version="1.2.1100.v20220210-1157" url="features/org.eclipse.equinox.p2.discovery.feature_1.2.1100.v20220210-1157/">
		</feature>
		<feature id="org.eclipse.jpt.jaxb.eclipselink.feature" version="1.4.203.v202104080213" url="features/org.eclipse.jpt.jaxb.eclipselink.feature_1.4.203.v202104080213/" plugin-identifier="org.eclipse.jpt.jaxb.eclipselink.branding">
		</feature>
		<feature id="org.eclipse.datatools.connectivity.oda.feature" version="1.14.102.201911250848" url="features/org.eclipse.datatools.connectivity.oda.feature_1.14.102.201911250848/" plugin-identifier="org.eclipse.datatools.connectivity.oda">
		</feature>
		<feature id="org.eclipse.wst.server_adapters.feature" version="3.2.1000.v202208120424" url="features/org.eclipse.wst.server_adapters.feature_3.2.1000.v202208120424/">
		</feature>
		<feature id="org.eclipse.jst.ws.axis2tools.feature" version="1.1.401.v201909051708" url="features/org.eclipse.jst.ws.axis2tools.feature_1.1.401.v201909051708/" plugin-identifier="org.eclipse.jst.ws.axis2.ui">
		</feature>
		<feature id="org.eclipse.datatools.sqldevtools.sqlbuilder.feature" version="1.14.201.202107090755" url="features/org.eclipse.datatools.sqldevtools.sqlbuilder.feature_1.14.201.202107090755/">
		</feature>
		<feature id="org.eclipse.datatools.enablement.ingres.feature" version="1.14.102.201911250848" url="features/org.eclipse.datatools.enablement.ingres.feature_1.14.102.201911250848/" plugin-identifier="org.eclipse.datatools.enablement.finfo">
		</feature>
		<feature id="org.eclipse.epp.package.jee.feature" version="4.25.0.20220908-1200" url="features/org.eclipse.epp.package.jee.feature_4.25.0.20220908-1200/" plugin-identifier="org.eclipse.epp.package.jee">
		</feature>
		<feature id="org.eclipse.jpt.common.feature" version="1.5.100.v201903221940" url="features/org.eclipse.jpt.common.feature_1.5.100.v201903221940/" plugin-identifier="org.eclipse.jpt.common.branding">
		</feature>
		<feature id="org.eclipse.m2e.logback.feature" version="2.0.0.20220717-0848" url="features/org.eclipse.m2e.logback.feature_2.0.0.20220717-0848/" plugin-identifier="org.eclipse.m2e.logback.configuration">
		</feature>
		<feature id="org.eclipse.draw2d" version="3.14.0.202206170857" url="features/org.eclipse.draw2d_3.14.0.202206170857/">
		</feature>
		<feature id="org.eclipse.wst.xml_core.feature" version="3.27.0.v202207150226" url="features/org.eclipse.wst.xml_core.feature_3.27.0.v202207150226/">
		</feature>
		<feature id="org.eclipse.emf.ecore.edit" version="2.15.0.v20210924-1718" url="features/org.eclipse.emf.ecore.edit_2.15.0.v20210924-1718/">
		</feature>
		<feature id="org.eclipse.jst.ws.cxf.feature" version="1.1.900.v202107101953" url="features/org.eclipse.jst.ws.cxf.feature_1.1.900.v202107101953/" plugin-identifier="org.eclipse.jst.ws.cxf.core">
		</feature>
		<feature id="org.eclipse.ecf.filetransfer.httpclient5.feature" version="1.1.600.v20220215-0126" url="features/org.eclipse.ecf.filetransfer.httpclient5.feature_1.1.600.v20220215-0126/">
		</feature>
		<feature id="org.eclipse.datatools.connectivity.oda.designer.feature" version="1.14.102.201911250848" url="features/org.eclipse.datatools.connectivity.oda.designer.feature_1.14.102.201911250848/" plugin-identifier="org.eclipse.datatools.connectivity.oda.design.ui">
		</feature>
		<feature id="org.eclipse.tm.terminal.control.feature" version="10.7.1.202208160035" url="features/org.eclipse.tm.terminal.control.feature_10.7.1.202208160035/" plugin-identifier="org.eclipse.tm.terminal.control">
		</feature>
		<feature id="org.eclipse.tm.terminal.feature" version="10.7.1.202208160035" url="features/org.eclipse.tm.terminal.feature_10.7.1.202208160035/" plugin-identifier="org.eclipse.tm.terminal.view.core">
		</feature>
		<feature id="org.eclipse.jgit.gpg.bc" version="6.3.0.202209071007-r" url="features/org.eclipse.jgit.gpg.bc_6.3.0.202209071007-r/">
		</feature>
		<feature id="org.eclipse.tm.terminal.connector.local.feature" version="10.7.1.202208160035" url="features/org.eclipse.tm.terminal.connector.local.feature_10.7.1.202208160035/">
		</feature>
		<feature id="org.eclipse.equinox.p2.user.ui" version="2.4.1700.v20220819-1949" url="features/org.eclipse.equinox.p2.user.ui_2.4.1700.v20220819-1949/">
		</feature>
		<feature id="org.eclipse.emf.common" version="2.27.0.v20220817-1401" url="features/org.eclipse.emf.common_2.27.0.v20220817-1401/">
		</feature>
		<feature id="org.eclipse.equinox.p2.core.feature" version="1.6.1500.v20220819-1949" url="features/org.eclipse.equinox.p2.core.feature_1.6.1500.v20220819-1949/">
		</feature>
		<feature id="org.eclipse.jst.enterprise_userdoc.feature" version="3.23.0.v202107101916" url="features/org.eclipse.jst.enterprise_userdoc.feature_3.23.0.v202107101916/">
		</feature>
		<feature id="org.eclipse.wst.common.fproj" version="3.7.3.v202111212041" url="features/org.eclipse.wst.common.fproj_3.7.3.v202111212041/" plugin-identifier="org.eclipse.wst.common.project.facet.core">
		</feature>
		<feature id="org.eclipse.datatools.enablement.sdk.feature" version="1.14.102.201911250848" url="features/org.eclipse.datatools.enablement.sdk.feature_1.14.102.201911250848/" plugin-identifier="org.eclipse.datatools.enablement.finfo">
		</feature>
		<feature id="org.eclipse.emf.databinding" version="1.9.0.v20220517-0824" url="features/org.eclipse.emf.databinding_1.9.0.v20220517-0824/">
		</feature>
		<feature id="org.eclipse.emf.databinding.edit" version="1.9.0.v20210924-1718" url="features/org.eclipse.emf.databinding.edit_1.9.0.v20210924-1718/">
		</feature>
		<feature id="org.eclipse.ecf.core.feature" version="1.6.1.v20211005-1944" url="features/org.eclipse.ecf.core.feature_1.6.1.v20211005-1944/">
		</feature>
		<feature id="org.eclipse.m2e.lemminx.feature" version="2.0.0.20220729-1256" url="features/org.eclipse.m2e.lemminx.feature_2.0.0.20220729-1256/">
		</feature>
		<feature id="org.eclipse.datatools.sqldevtools.results.feature" version="1.14.201.202107061424" url="features/org.eclipse.datatools.sqldevtools.results.feature_1.14.201.202107061424/">
		</feature>
		<feature id="org.eclipse.datatools.sqldevtools.schemaobjecteditor.feature" version="1.14.102.201911250848" url="features/org.eclipse.datatools.sqldevtools.schemaobjecteditor.feature_1.14.102.201911250848/">
		</feature>
		<feature id="org.eclipse.emf.codegen.ecore.ui" version="2.31.0.v20220706-1313" url="features/org.eclipse.emf.codegen.ecore.ui_2.31.0.v20220706-1313/">
		</feature>
		<feature id="org.eclipse.emf.common.ui" version="2.19.0.v20220226-1304" url="features/org.eclipse.emf.common.ui_2.19.0.v20220226-1304/">
		</feature>
		<feature id="org.eclipse.datatools.connectivity.doc.user" version="1.14.102.201911250848" url="features/org.eclipse.datatools.connectivity.doc.user_1.14.102.201911250848/">
		</feature>
		<feature id="org.eclipse.wst.xml_ui.feature" version="3.27.0.v202208280234" url="features/org.eclipse.wst.xml_ui.feature_3.27.0.v202208280234/" plugin-identifier="org.eclipse.wst.xml.ui">
		</feature>
		<feature id="org.eclipse.jst.web_js_support.feature" version="3.27.0.v202206160204" url="features/org.eclipse.jst.web_js_support.feature_3.27.0.v202206160204/">
		</feature>
		<feature id="org.eclipse.eclemma.feature" version="3.1.6.202206011447" url="features/org.eclipse.eclemma.feature_3.1.6.202206011447/" plugin-identifier="org.eclipse.eclemma.ui">
		</feature>
		<feature id="org.eclipse.datatools.connectivity.feature" version="1.14.102.201911250848" url="features/org.eclipse.datatools.connectivity.feature_1.14.102.201911250848/" plugin-identifier="org.eclipse.datatools.connectivity">
		</feature>
		<feature id="org.eclipse.datatools.enablement.sap.feature" version="1.14.102.201911250848" url="features/org.eclipse.datatools.enablement.sap.feature_1.14.102.201911250848/" plugin-identifier="org.eclipse.datatools.enablement.finfo">
		</feature>
		<feature id="org.eclipse.emf.codegen" version="2.23.0.v20210924-1718" url="features/org.eclipse.emf.codegen_2.23.0.v20210924-1718/">
		</feature>
		<feature id="org.eclipse.oomph.p2" version="1.24.0.v20220822-1127" url="features/org.eclipse.oomph.p2_1.24.0.v20220822-1127/">
		</feature>
		<feature id="org.eclipse.wst.xml_userdoc.feature" version="3.18.0.v202004271556" url="features/org.eclipse.wst.xml_userdoc.feature_3.18.0.v202004271556/">
		</feature>
		<feature id="org.eclipse.datatools.common.doc.user" version="1.14.102.201911250848" url="features/org.eclipse.datatools.common.doc.user_1.14.102.201911250848/">
		</feature>
		<feature id="org.eclipse.ecf.filetransfer.ssl.feature" version="1.1.401.v20210409-2301" url="features/org.eclipse.ecf.filetransfer.ssl.feature_1.1.401.v20210409-2301/">
		</feature>
		<feature id="org.eclipse.datatools.enablement.sybase.feature" version="1.14.201.202107090755" url="features/org.eclipse.datatools.enablement.sybase.feature_1.14.201.202107090755/" plugin-identifier="org.eclipse.datatools.enablement.sybase">
		</feature>
		<feature id="org.eclipse.epp.package.common.feature" version="4.25.0.20220908-1200" url="features/org.eclipse.epp.package.common.feature_4.25.0.20220908-1200/">
		</feature>
		<feature id="org.eclipse.datatools.enablement.oracle.feature" version="1.14.102.201911250848" url="features/org.eclipse.datatools.enablement.oracle.feature_1.14.102.201911250848/" plugin-identifier="org.eclipse.datatools.enablement.finfo">
		</feature>
	</site>
</config>
