<?xml version="1.0" encoding="UTF-8"?>
<java version="18.0.1" class="java.beans.XMLDecoder">
 <object class="org.eclipse.epp.internal.mpc.ui.catalog.MarketplaceInfo" id="MarketplaceInfo0">
  <void property="iuToNodeKey">
   <void method="put">
    <string>com.github.eclipsecolortheme.feature</string>
    <object class="java.util.ArrayList">
     <void method="add">
      <string>https://marketplace.eclipse.org#27025</string>
     </void>
    </object>
   </void>
   <void method="put">
    <string>net.sourceforge.vrapper.plugin.argtextobj</string>
    <object class="java.util.ArrayList">
     <void method="add">
      <string>https://marketplace.eclipse.org#881</string>
     </void>
    </object>
   </void>
   <void method="put">
    <string>org.eclipse.egit.gitflow.feature</string>
    <object class="java.util.ArrayList">
     <void method="add">
      <string>https://marketplace.eclipse.org#2963400</string>
     </void>
    </object>
   </void>
   <void method="put">
    <string>net.sourceforge.vrapper</string>
    <object class="java.util.ArrayList">
     <void method="add">
      <string>https://marketplace.eclipse.org#881</string>
     </void>
    </object>
   </void>
   <void method="put">
    <string>net.sourceforge.vrapper.plugin.linetextobj</string>
    <object class="java.util.ArrayList">
     <void method="add">
      <string>https://marketplace.eclipse.org#881</string>
     </void>
    </object>
   </void>
   <void method="put">
    <string>org.eclipse.wildwebdeveloper.embedder.node.feature</string>
    <object class="java.util.ArrayList">
     <void method="add">
      <string>https://marketplace.eclipse.org#2963400</string>
     </void>
    </object>
   </void>
   <void method="put">
    <string>net.sourceforge.vrapper.plugin.clangformat</string>
    <object class="java.util.ArrayList">
     <void method="add">
      <string>https://marketplace.eclipse.org#881</string>
     </void>
    </object>
   </void>
   <void method="put">
    <string>net.sourceforge.vrapper.plugin.cycle</string>
    <object class="java.util.ArrayList">
     <void method="add">
      <string>https://marketplace.eclipse.org#881</string>
     </void>
    </object>
   </void>
   <void method="put">
    <string>org.eclipse.wst.xml_ui.feature</string>
    <object class="java.util.ArrayList">
     <void method="add">
      <string>https://marketplace.eclipse.org#2963400</string>
     </void>
    </object>
   </void>
   <void method="put">
    <string>net.sourceforge.vrapper.plugin.indenttextobj</string>
    <object class="java.util.ArrayList">
     <void method="add">
      <string>https://marketplace.eclipse.org#881</string>
     </void>
    </object>
   </void>
   <void method="put">
    <string>org.eclipse.ecf.remoteservice.sdk.feature</string>
    <object class="java.util.ArrayList">
     <void method="add">
      <string>https://marketplace.eclipse.org#1405</string>
     </void>
    </object>
   </void>
   <void method="put">
    <string>org.eclipse.wst.web_ui.feature</string>
    <object class="java.util.ArrayList">
     <void method="add">
      <string>https://marketplace.eclipse.org#2963400</string>
     </void>
    </object>
   </void>
   <void method="put">
    <string>org.eclipse.egit</string>
    <object class="java.util.ArrayList">
     <void method="add">
      <string>https://marketplace.eclipse.org#2963400</string>
     </void>
    </object>
   </void>
   <void method="put">
    <string>org.eclipse.wst.web_js_support.feature</string>
    <object class="java.util.ArrayList">
     <void method="add">
      <string>https://marketplace.eclipse.org#2963400</string>
     </void>
    </object>
   </void>
   <void method="put">
    <string>com.eco.bio7.jfxswt.feature</string>
    <object class="java.util.ArrayList">
     <void method="add">
      <string>https://marketplace.eclipse.org#3103502</string>
     </void>
    </object>
   </void>
   <void method="put">
    <string>text.overview.feature</string>
    <object class="java.util.ArrayList">
     <void method="add">
      <string>https://marketplace.eclipse.org#687236</string>
     </void>
    </object>
   </void>
   <void method="put">
    <string>net.sourceforge.vrapper.plugin.subwordtextobj</string>
    <object class="java.util.ArrayList">
     <void method="add">
      <string>https://marketplace.eclipse.org#881</string>
     </void>
    </object>
   </void>
   <void method="put">
    <string>org.python.pydev.mylyn.feature</string>
    <object class="java.util.ArrayList">
     <void method="add">
      <string>https://marketplace.eclipse.org#114</string>
     </void>
    </object>
   </void>
   <void method="put">
    <string>org.mybatis.generator</string>
    <object class="java.util.ArrayList">
     <void method="add">
      <string>https://marketplace.eclipse.org#2947754</string>
     </void>
    </object>
   </void>
   <void method="put">
    <string>net.sourceforge.vrapper.eclipse.cdt.feature</string>
    <object class="java.util.ArrayList">
     <void method="add">
      <string>https://marketplace.eclipse.org#881</string>
     </void>
    </object>
   </void>
   <void method="put">
    <string>com.salesforce.bazel.eclipse.feature</string>
    <object class="java.util.ArrayList">
     <void method="add">
      <string>https://marketplace.eclipse.org#5403450</string>
     </void>
    </object>
   </void>
   <void method="put">
    <string>net.sourceforge.pmd.eclipse</string>
    <object class="java.util.ArrayList">
     <void method="add">
      <string>https://marketplace.eclipse.org#2755329</string>
     </void>
    </object>
   </void>
   <void method="put">
    <string>net.sourceforge.vrapper.eclipse.jdt.feature</string>
    <object class="java.util.ArrayList">
     <void method="add">
      <string>https://marketplace.eclipse.org#881</string>
     </void>
    </object>
   </void>
   <void method="put">
    <string>net.sourceforge.vrapper.plugin.surround</string>
    <object class="java.util.ArrayList">
     <void method="add">
      <string>https://marketplace.eclipse.org#881</string>
     </void>
    </object>
   </void>
   <void method="put">
    <string>com.eco.bio7.image.feature</string>
    <object class="java.util.ArrayList">
     <void method="add">
      <string>https://marketplace.eclipse.org#3103502</string>
     </void>
    </object>
   </void>
   <void method="put">
    <string>wai</string>
    <object class="java.util.ArrayList">
     <void method="add">
      <string>https://marketplace.eclipse.org#5460189</string>
     </void>
    </object>
   </void>
   <void method="put">
    <string>com.abapblog.adt.extension.feature</string>
    <object class="java.util.ArrayList">
     <void method="add">
      <string>https://marketplace.eclipse.org#4441477</string>
     </void>
    </object>
   </void>
   <void method="put">
    <string>org.eclipse.tips.feature</string>
    <object class="java.util.ArrayList">
     <void method="add">
      <string>https://marketplace.eclipse.org#2963400</string>
     </void>
    </object>
   </void>
   <void method="put">
    <string>de.leuc.adt.quickfix</string>
    <object class="java.util.ArrayList">
     <void method="add">
      <string>https://marketplace.eclipse.org#5539840</string>
     </void>
    </object>
   </void>
   <void method="put">
    <string>net.sourceforge.vrapper.plugin.exchange</string>
    <object class="java.util.ArrayList">
     <void method="add">
      <string>https://marketplace.eclipse.org#881</string>
     </void>
    </object>
   </void>
   <void method="put">
    <string>org.eclipse.wst.xsl.feature</string>
    <object class="java.util.ArrayList">
     <void method="add">
      <string>https://marketplace.eclipse.org#2963400</string>
     </void>
    </object>
   </void>
   <void method="put">
    <string>org.eclipse.wst.json_ui.feature</string>
    <object class="java.util.ArrayList">
     <void method="add">
      <string>https://marketplace.eclipse.org#2963400</string>
     </void>
    </object>
   </void>
   <void method="put">
    <string>net.sourceforge.vrapper.plugin.sneak</string>
    <object class="java.util.ArrayList">
     <void method="add">
      <string>https://marketplace.eclipse.org#881</string>
     </void>
    </object>
   </void>
   <void method="put">
    <string>com.devepos.adt.searchandanalysistools</string>
    <object class="java.util.ArrayList">
     <void method="add">
      <string>https://marketplace.eclipse.org#4876278</string>
     </void>
    </object>
   </void>
   <void method="put">
    <string>org.eclipse.tm.terminal.feature</string>
    <object class="java.util.ArrayList">
     <void method="add">
      <string>https://marketplace.eclipse.org#2963400</string>
     </void>
    </object>
   </void>
   <void method="put">
    <string>com.eco.bio7.ijmacroedit.feature</string>
    <object class="java.util.ArrayList">
     <void method="add">
      <string>https://marketplace.eclipse.org#3103502</string>
     </void>
    </object>
   </void>
   <void method="put">
    <string>org.eclipse.wst.server_ui.feature</string>
    <object class="java.util.ArrayList">
     <void method="add">
      <string>https://marketplace.eclipse.org#2963400</string>
     </void>
    </object>
   </void>
   <void method="put">
    <string>org.eclipse.ocl.master</string>
    <object class="java.util.ArrayList">
     <void method="add">
      <string>https://marketplace.eclipse.org#710668</string>
     </void>
    </object>
   </void>
   <void method="put">
    <string>net.sourceforge.vrapper.plugin.splitEditor</string>
    <object class="java.util.ArrayList">
     <void method="add">
      <string>https://marketplace.eclipse.org#881</string>
     </void>
    </object>
   </void>
   <void method="put">
    <string>org.eclipse.wildwebdeveloper.feature</string>
    <object class="java.util.ArrayList">
     <void method="add">
      <string>https://marketplace.eclipse.org#2963400</string>
     </void>
    </object>
   </void>
   <void method="put">
    <string>org.python.pydev.feature</string>
    <object class="java.util.ArrayList">
     <void method="add">
      <string>https://marketplace.eclipse.org#114</string>
     </void>
    </object>
   </void>
   <void method="put">
    <string>net.sourceforge.vrapper.plugin.ipmotion</string>
    <object class="java.util.ArrayList">
     <void method="add">
      <string>https://marketplace.eclipse.org#881</string>
     </void>
    </object>
   </void>
   <void method="put">
    <string>org.eclipse.papyrus.sysml16.feature</string>
    <object class="java.util.ArrayList">
     <void method="add">
      <string>https://marketplace.eclipse.org#4704092</string>
     </void>
    </object>
   </void>
   <void method="put">
    <string>net.sourceforge.vrapper.plugin.methodtextobj</string>
    <object class="java.util.ArrayList">
     <void method="add">
      <string>https://marketplace.eclipse.org#881</string>
     </void>
    </object>
   </void>
   <void method="put">
    <string>org.eclipse.ecf.sdk</string>
    <object class="java.util.ArrayList">
     <void method="add">
      <string>https://marketplace.eclipse.org#1405</string>
     </void>
    </object>
   </void>
   <void method="put">
    <string>org.eclipse.wst.server_adapters.feature</string>
    <object class="java.util.ArrayList">
     <void method="add">
      <string>https://marketplace.eclipse.org#2963400</string>
     </void>
    </object>
   </void>
   <void method="put">
    <string>live_py_feature</string>
    <object class="java.util.ArrayList">
     <void method="add">
      <string>https://marketplace.eclipse.org#2806369</string>
     </void>
    </object>
   </void>
   <void method="put">
    <string>net.sourceforge.vrapper.eclipse.pydev.feature</string>
    <object class="java.util.ArrayList">
     <void method="add">
      <string>https://marketplace.eclipse.org#881</string>
     </void>
    </object>
   </void>
  </void>
  <void property="nodeKeyToIU">
   <void method="put">
    <string>https://marketplace.eclipse.org#4441477</string>
    <object class="java.util.ArrayList">
     <void method="add">
      <string>com.abapblog.adt.extension.feature</string>
     </void>
    </object>
   </void>
   <void method="put">
    <string>https://marketplace.eclipse.org#2755329</string>
    <object class="java.util.ArrayList">
     <void method="add">
      <string>net.sourceforge.pmd.eclipse</string>
     </void>
    </object>
   </void>
   <void method="put">
    <string>https://marketplace.eclipse.org#4876278</string>
    <object class="java.util.ArrayList">
     <void method="add">
      <string>com.devepos.adt.searchandanalysistools</string>
     </void>
    </object>
   </void>
   <void method="put">
    <string>https://marketplace.eclipse.org#710668</string>
    <object class="java.util.ArrayList">
     <void method="add">
      <string>org.eclipse.ocl.master</string>
     </void>
    </object>
   </void>
   <void method="put">
    <string>https://marketplace.eclipse.org#4704092</string>
    <object class="java.util.ArrayList">
     <void method="add">
      <string>org.eclipse.papyrus.sysml16.feature</string>
     </void>
    </object>
   </void>
   <void method="put">
    <string>https://marketplace.eclipse.org#114</string>
    <object class="java.util.ArrayList">
     <void method="add">
      <string>org.python.pydev.feature</string>
     </void>
     <void method="add">
      <string>org.python.pydev.mylyn.feature</string>
     </void>
    </object>
   </void>
   <void method="put">
    <string>https://marketplace.eclipse.org#881</string>
    <object class="java.util.ArrayList">
     <void method="add">
      <string>net.sourceforge.vrapper</string>
     </void>
     <void method="add">
      <string>net.sourceforge.vrapper.plugin.splitEditor</string>
     </void>
     <void method="add">
      <string>net.sourceforge.vrapper.eclipse.jdt.feature</string>
     </void>
     <void method="add">
      <string>net.sourceforge.vrapper.eclipse.cdt.feature</string>
     </void>
     <void method="add">
      <string>net.sourceforge.vrapper.eclipse.pydev.feature</string>
     </void>
     <void method="add">
      <string>net.sourceforge.vrapper.plugin.sneak</string>
     </void>
     <void method="add">
      <string>net.sourceforge.vrapper.plugin.surround</string>
     </void>
     <void method="add">
      <string>net.sourceforge.vrapper.plugin.subwordtextobj</string>
     </void>
     <void method="add">
      <string>net.sourceforge.vrapper.plugin.ipmotion</string>
     </void>
     <void method="add">
      <string>net.sourceforge.vrapper.plugin.argtextobj</string>
     </void>
     <void method="add">
      <string>net.sourceforge.vrapper.plugin.methodtextobj</string>
     </void>
     <void method="add">
      <string>net.sourceforge.vrapper.plugin.clangformat</string>
     </void>
     <void method="add">
      <string>net.sourceforge.vrapper.plugin.exchange</string>
     </void>
     <void method="add">
      <string>net.sourceforge.vrapper.plugin.linetextobj</string>
     </void>
     <void method="add">
      <string>net.sourceforge.vrapper.plugin.indenttextobj</string>
     </void>
     <void method="add">
      <string>net.sourceforge.vrapper.plugin.cycle</string>
     </void>
    </object>
   </void>
   <void method="put">
    <string>https://marketplace.eclipse.org#2963400</string>
    <object class="java.util.ArrayList">
     <void method="add">
      <string>org.eclipse.wst.web_ui.feature</string>
     </void>
     <void method="add">
      <string>org.eclipse.wst.web_js_support.feature</string>
     </void>
     <void method="add">
      <string>org.eclipse.wst.xml_ui.feature</string>
     </void>
     <void method="add">
      <string>org.eclipse.wst.xsl.feature</string>
     </void>
     <void method="add">
      <string>org.eclipse.tips.feature</string>
     </void>
     <void method="add">
      <string>org.eclipse.egit</string>
     </void>
     <void method="add">
      <string>org.eclipse.egit.gitflow.feature</string>
     </void>
     <void method="add">
      <string>org.eclipse.tm.terminal.feature</string>
     </void>
     <void method="add">
      <string>org.eclipse.wildwebdeveloper.feature</string>
     </void>
     <void method="add">
      <string>org.eclipse.wildwebdeveloper.embedder.node.feature</string>
     </void>
     <void method="add">
      <string>org.eclipse.wst.server_ui.feature</string>
     </void>
     <void method="add">
      <string>org.eclipse.wst.server_adapters.feature</string>
     </void>
     <void method="add">
      <string>org.eclipse.wst.json_ui.feature</string>
     </void>
    </object>
   </void>
   <void method="put">
    <string>https://marketplace.eclipse.org#1405</string>
    <object class="java.util.ArrayList">
     <void method="add">
      <string>org.eclipse.ecf.remoteservice.sdk.feature</string>
     </void>
     <void method="add">
      <string>org.eclipse.ecf.sdk</string>
     </void>
    </object>
   </void>
   <void method="put">
    <string>https://marketplace.eclipse.org#2947754</string>
    <object class="java.util.ArrayList">
     <void method="add">
      <string>org.mybatis.generator</string>
     </void>
    </object>
   </void>
   <void method="put">
    <string>https://marketplace.eclipse.org#27025</string>
    <object class="java.util.ArrayList">
     <void method="add">
      <string>com.github.eclipsecolortheme.feature</string>
     </void>
    </object>
   </void>
   <void method="put">
    <string>https://marketplace.eclipse.org#687236</string>
    <object class="java.util.ArrayList">
     <void method="add">
      <string>text.overview.feature</string>
     </void>
    </object>
   </void>
   <void method="put">
    <string>https://marketplace.eclipse.org#5539840</string>
    <object class="java.util.ArrayList">
     <void method="add">
      <string>de.leuc.adt.quickfix</string>
     </void>
    </object>
   </void>
   <void method="put">
    <string>https://marketplace.eclipse.org#5403450</string>
    <object class="java.util.ArrayList">
     <void method="add">
      <string>com.salesforce.bazel.eclipse.feature</string>
     </void>
    </object>
   </void>
   <void method="put">
    <string>https://marketplace.eclipse.org#3103502</string>
    <object class="java.util.ArrayList">
     <void method="add">
      <string>com.eco.bio7.image.feature</string>
     </void>
     <void method="add">
      <string>com.eco.bio7.ijmacroedit.feature</string>
     </void>
     <void method="add">
      <string>com.eco.bio7.jfxswt.feature</string>
     </void>
    </object>
   </void>
   <void method="put">
    <string>https://marketplace.eclipse.org#5460189</string>
    <object class="java.util.ArrayList">
     <void method="add">
      <string>wai</string>
     </void>
    </object>
   </void>
   <void method="put">
    <string>https://marketplace.eclipse.org#2806369</string>
    <object class="java.util.ArrayList">
     <void method="add">
      <string>live_py_feature</string>
     </void>
    </object>
   </void>
  </void>
 </object>
</java>
